date,gross_pnl,fees,net_pnl,notional_usd,rows,realized_trades,value,classification,sentiment_delta,accounts,coins,pnl_per_1k_notional
2023-05-01,0.0,0.0,0.0,477.0,3,0,63.0,Greed,0.0,1,1,0.0
2023-12-05,0.0,12.501455,-12.501455,50005.83,9,0,75.0,Extreme Greed,1.0,1,2,-0.2499999500058293
2023-12-14,-205.43473700000007,28.300831000000002,-233.73556800000003,113203.35,11,6,72.0,Greed,7.0,1,4,-2.064740734262723
2023-12-15,-24.632033999999997,2.652489,-27.284523,10609.95,2,2,70.0,Greed,-2.0,1,1,-2.5715976983868916
2023-12-16,0.0,3.8371890000000004,-3.8371890000000004,15348.77,3,0,67.0,Greed,-3.0,1,1,-0.2499997719686985
2023-12-17,304.982785,29.069499,275.91328599999997,116278.02,14,11,73.0,Greed,6.0,1,3,2.3728756819216557
2023-12-18,0.0,7.791045,-7.791045,31164.179999999997,2,0,65.0,Greed,-8.0,1,1,-0.25000000000000006
2023-12-19,1000.5386120000001,22.900596,977.638016,91602.41,15,10,73.0,Greed,8.0,1,2,10.672623307618217
2023-12-20,162.732282,35.409187,127.323095,141636.79,18,8,74.0,Greed,1.0,1,2,0.8989408401588315
2023-12-21,537.211402,31.308469,505.902933,125233.97,49,27,70.0,Greed,-4.0,1,1,4.0396621859069075
2023-12-22,141.832675,22.218566000000003,119.61410899999998,88874.28,10,2,74.0,Greed,4.0,1,2,1.3458799216151172
2023-12-23,146.936704,19.609555,127.327149,78438.25,13,8,70.0,Greed,-4.0,1,2,1.6232788084894805
2023-12-24,1008.619956,100.738715,907.881241,402954.94,39,17,71.0,Greed,1.0,1,4,2.253058967337638
2023-12-25,-245.081348,14.987124999999999,-260.068473,59948.51,3,1,73.0,Greed,2.0,1,1,-4.338197446441955
2023-12-27,-704.8892269999999,42.852747,-747.741974,171411.06,28,13,73.0,Greed,2.0,1,2,-4.362273787934104
2023-12-28,-970.730876,25.0293,-995.760176,100117.25,23,13,73.0,Greed,0.0,1,2,-9.945940145179776
2023-12-29,508.92214299999995,142.389901,366.532242,569559.72,50,20,65.0,Greed,-8.0,1,4,0.6435361018858567
2023-12-30,354.998648,175.637526,179.36112199999997,702550.21,52,33,68.0,Greed,3.0,1,3,0.25530007599029825
2024-01-01,-129.53146,66.059867,-195.59132699999998,264239.52999999997,18,6,65.0,Greed,-2.0,1,3,-0.7402046431130119
2024-01-02,783.979116,30.337176,753.64194,121348.74,17,9,71.0,Greed,6.0,1,2,6.210546067474619
2024-01-03,866.015507,98.624811,767.390696,394499.36,67,35,70.0,Greed,-1.0,1,6,1.9452267197594442
2024-01-04,-67.60364,24.948132,-92.551772,99792.54000000001,5,3,68.0,Greed,-2.0,1,1,-0.9274417907390672
2024-01-05,164.141565,425.985639,-261.844074,1703942.66,66,23,72.0,Greed,4.0,1,2,-0.15366953369193773
2024-01-06,135.58166400000002,74.630342,60.95132200000004,298521.4,22,12,70.0,Greed,-2.0,1,3,0.20417739565739687
2024-01-07,-835.681235,262.212464,-1097.893699,1048850.06,97,37,71.0,Greed,1.0,1,8,-1.0467594376645217
2024-01-08,-269.874439,380.613064,-650.4875030000002,1522452.43,128,67,71.0,Greed,0.0,1,6,-0.4272629411481843
2024-01-09,-826.349863,204.012928,-1030.3627910000002,870051.97,70,28,76.0,Extreme Greed,5.0,1,6,-1.1842543049468646
2024-01-10,-1517.091342,434.044865,-1951.136207,2057479.48,193,83,73.0,Greed,-3.0,1,5,-0.9483138111297227
2024-01-11,-164.08950099999998,75.867171,-239.95667199999997,305314.1,21,9,76.0,Extreme Greed,3.0,2,3,-0.785933803908827
2024-01-12,-1925.519024,49.480726999999995,-1974.999751,200082.27,7,2,71.0,Greed,-5.0,1,2,-9.870938344511986
2024-01-15,152.85358,12.652712,140.200868,50636.1,14,9,52.0,Neutral,-8.0,2,2,2.7687927782747885
2024-01-16,-2299.171458,17.319309,-2316.4907670000002,116427.33,9,5,64.0,Greed,12.0,2,3,-19.89645186400822
2024-01-17,813.2741110000001,159.707606,653.566505,800831.03,53,19,60.0,Greed,-4.0,1,2,0.8161103660031754
2024-01-18,68.93319,92.657901,-23.724710999999996,424631.52999999997,46,9,63.0,Greed,3.0,1,2,-0.055871289162159006
2024-01-19,-385.419235,93.051868,-478.471103,428428.97,48,27,51.0,Neutral,-12.0,2,3,-1.1168038029734544
2024-01-20,-146.57487000000003,267.522583,-414.097453,1070090.51,106,32,52.0,Neutral,1.0,1,16,-0.38697423174045337
2024-01-21,266.58114600000005,25.78243,240.79871599999998,103129.74,11,5,56.0,Greed,4.0,1,4,2.334910531142617
2024-01-22,1375.640959,67.478268,1308.162691,337878.99,85,41,55.0,Greed,-1.0,2,10,3.8716899532581177
2024-01-23,-369.2447299999998,85.72457,-454.96929999999986,414518.93000000005,45,20,50.0,Neutral,-5.0,1,8,-1.097583890800837
2024-01-24,-2808.353815,227.771095,-3036.12491,965084.59,68,40,48.0,Neutral,-2.0,1,4,-3.145967660720808
2024-01-25,-3093.6293849999997,16.641532,-3110.270917,66566.13,6,6,52.0,Neutral,4.0,1,1,-46.724526677455934
2024-01-26,90.2,0.444235,89.755765,11773.21,5,1,49.0,Neutral,-3.0,2,2,7.623729212338861
2024-01-28,-2478.06972,-0.362176,-2477.707544,18109.03,11,11,54.0,Neutral,-1.0,1,1,-136.82165991220955
2024-01-29,486.562542,103.26260500000001,383.299937,414208.18,74,45,55.0,Greed,1.0,2,11,0.9253799309323152
2024-01-30,-173.65419100000003,100.25281,-273.90700100000004,401011.38,49,19,61.0,Greed,6.0,1,2,-0.6830404688265955
2024-01-31,-799.840817,1549.411475,-2349.252292,6305647.13,859,436,60.0,Greed,-1.0,1,8,-0.37256323475874553
2024-02-01,0.0,0.5020439999999999,-0.5020439999999999,2008.18,6,0,63.0,Greed,3.0,1,3,-0.24999950203666998
2024-02-02,456.423473,91.569636,364.853837,474278.43,42,21,63.0,Greed,0.0,1,3,0.7692819532189141
2024-02-03,223.30918699999998,109.662349,113.64683800000003,603820.0,56,12,60.0,Greed,-3.0,1,3,0.18821310655493365
2024-02-04,47.62389499999999,50.52688,-2.9029850000000166,203187.53,35,28,60.0,Greed,0.0,1,4,-0.014287220283646426
2024-02-05,-33.45419400000003,165.549465,-199.00365900000008,770198.26,72,32,60.0,Greed,0.0,1,4,-0.25837978262895595
2024-02-06,-215.615907,988.606997,-1204.222904,8047153.41,1088,523,64.0,Greed,4.0,1,5,-0.1496458241374573
2024-02-07,241.24212,0.339693,240.902427,6758.73,15,2,62.0,Greed,-2.0,1,2,35.643149970482625
2024-02-08,770.756024,3.0028870000000003,767.7531369999999,26051.12,10,4,66.0,Greed,4.0,1,5,29.471022243957265
2024-02-11,983.443176,24.955292,958.487884,212311.82,34,7,71.0,Greed,-3.0,1,5,4.514529073322437
2024-02-12,913.8817869999998,27.111911,886.7698759999998,227247.69999999998,16,15,70.0,Greed,-1.0,1,3,3.9022171665543803
2024-02-13,559.44389,-0.039992,559.483882,1999.99,14,14,79.0,Extreme Greed,9.0,1,1,279.7433397166986
2024-02-14,3830.599833,22.917474000000002,3807.682359,320839.88,111,84,74.0,Greed,-5.0,2,9,11.867858693252224
2024-02-15,1840.797677,30.706297,1810.09138,185188.04,63,60,72.0,Greed,-2.0,2,7,9.774342770731847
2024-02-16,5491.768834,27.22517,5464.543664,564896.51,182,146,72.0,Greed,0.0,2,7,9.673530579964106
2024-02-17,1929.6418,62.055053,1867.586747,406118.07,94,65,76.0,Extreme Greed,4.0,2,9,4.59863001663531
2024-02-18,477.6248299999999,-3.140925,480.7657549999999,157048.17,97,68,72.0,Greed,-4.0,1,5,3.0612630188559335
2024-02-19,4317.768563,14.85262,4302.915943,286377.2,101,79,75.0,Extreme Greed,3.0,2,6,15.02534399735733
2024-02-20,3263.628824,3.073675,3260.555149,119419.72,39,32,72.0,Greed,-3.0,2,6,27.303322675685386
2024-02-21,1858.7985700000002,2.970629,1855.827941,108047.51999999999,22,15,78.0,Extreme Greed,6.0,2,4,17.176034591076228
2024-02-22,3894.1050699999996,25.45258,3868.6524899999995,373033.87,88,54,74.0,Greed,-4.0,2,5,10.370780781916665
2024-02-23,1418.55293,-2.067069,1420.619999,111106.14,143,138,76.0,Extreme Greed,2.0,1,3,12.786152043442424
2024-02-25,-30.7705,-0.0896,-30.6809,4480.13,5,2,74.0,Greed,2.0,1,1,-6.8482164580045675
2024-02-26,4416.8473,-0.09772499999999981,4416.945025,192187.14,39,34,72.0,Greed,-2.0,2,3,22.982521229047894
2024-02-27,888.511733,-3.761609,892.2733420000001,209362.3,63,42,79.0,Extreme Greed,7.0,2,7,4.261862532079558
2024-02-28,2503.747235,-1.377152,2505.124387,171107.13,45,39,82.0,Extreme Greed,3.0,1,3,14.640677960059291
2024-02-29,9813.996992,1.3590849999999999,9812.637907,395666.73,116,100,80.0,Extreme Greed,-2.0,2,8,24.800260327675268
2024-03-01,8244.241409,-0.546854,8244.788263,472974.7,137,128,80.0,Extreme Greed,0.0,1,7,17.431774390892368
2024-03-02,230.90060000000005,-0.4691290000000001,231.36972899999995,63197.56,31,28,80.0,Extreme Greed,0.0,2,4,3.6610547780642158
2024-03-03,8361.086245,-2.507103,8363.593348,390745.68,79,54,83.0,Extreme Greed,3.0,1,8,21.404186344427405
2024-03-04,27799.775742,-0.559449,27800.335191,1577996.87,300,270,82.0,Extreme Greed,-1.0,2,15,17.6174843686477
2024-03-05,19791.026041,-4.438459,19795.464500000002,841810.32,180,163,90.0,Extreme Greed,8.0,1,5,23.515350227590464
2024-03-06,6814.825139,-3.355318,6818.1804569999995,327218.02,82,72,75.0,Extreme Greed,-15.0,1,6,20.836812278859213
2024-03-08,4271.886236,-3.6716290000000003,4275.557865,183583.18,67,59,81.0,Extreme Greed,-1.0,1,5,23.28948580692414
2024-03-09,9949.501624,1.8517640000000002,9947.64986,658178.75,117,107,84.0,Extreme Greed,3.0,1,6,15.113903115225158
2024-03-10,2482.9272,2.281072,2480.646128,219973.85,42,38,79.0,Extreme Greed,-5.0,1,3,11.277004643961087
2024-03-11,3588.179495,8.47289,3579.7066050000003,176519.44999999998,42,39,82.0,Extreme Greed,3.0,1,2,20.279389070156295
2024-03-12,3039.166,4.945953,3034.220047,103040.85,8,7,81.0,Extreme Greed,-1.0,1,1,29.44676841272175
2024-03-13,0.0,2.100278,-2.100278,6000.799999999999,7,0,81.0,Extreme Greed,0.0,1,1,-0.3499996667111052
2024-03-14,3465.865832,11.716792,3454.14904,205933.18,18,16,88.0,Extreme Greed,7.0,2,3,16.77315447661227
2024-03-15,6236.513651,49.485003,6187.0286479999995,351894.41,62,41,83.0,Extreme Greed,-5.0,3,6,17.582060050342943
2024-03-16,228.57984,10.52828,218.05156,37223.66,8,1,81.0,Extreme Greed,-2.0,2,2,5.857875340576396
2024-03-17,503.293955,33.763329,469.5306259999999,99506.95,23,10,79.0,Extreme Greed,-2.0,3,4,4.71857117517922
2024-03-18,1456.9577,24.943279999999998,1432.01442,90458.08,19,6,77.0,Extreme Greed,-2.0,3,3,15.830696605543693
2024-03-19,668.797973,25.988312,642.809661,219884.84,24,7,79.0,Extreme Greed,2.0,3,4,2.9233923584727353
2024-03-20,6423.134599,39.878838,6383.255760999999,215705.85,69,60,74.0,Greed,-5.0,2,6,29.592409111760297
2024-03-21,2335.5080749999997,16.394750000000002,2319.1133250000003,117895.57,28,23,78.0,Extreme Greed,4.0,3,3,19.67091151092446
2024-03-24,1297.018477,8.888837,1288.12964,92592.20999999999,19,15,74.0,Greed,1.0,1,1,13.911857595795588
2024-03-25,1302.916428,19.990712,1282.925716,57116.32,7,6,75.0,Extreme Greed,1.0,1,1,22.461631211534637
2024-03-26,3215.906593,28.147402999999997,3187.7591899999998,198565.19,118,110,81.0,Extreme Greed,6.0,2,3,16.053967918546043
2024-03-27,150.41114,31.717952,118.693188,99864.79,38,19,83.0,Extreme Greed,2.0,2,3,1.1885389034513567
2024-03-28,227.85100799999998,9.059229,218.791779,35323.72,13,9,80.0,Extreme Greed,-3.0,2,2,6.1939053701025815
2024-03-29,883.097404,30.420029999999997,852.677374,86914.37,15,6,79.0,Extreme Greed,-1.0,1,1,9.81054541383663
2024-03-30,1100.57514,9.939454,1090.635686,101103.92,45,44,75.0,Extreme Greed,-4.0,1,1,10.787273985024518
2024-03-31,912.786145,13.969522000000001,898.8166229999999,39912.96,13,10,75.0,Extreme Greed,0.0,1,1,22.519417828194147
2024-04-01,2507.963406,83.751362,2424.212044,339470.47,77,43,79.0,Extreme Greed,4.0,2,4,7.14115735604337
2024-04-02,883.760812,80.13257399999999,803.628238,239664.50999999998,41,12,79.0,Extreme Greed,0.0,2,3,3.353138259811601
2024-04-03,126.7884,1.661201,125.12719899999999,16887.57,4,1,71.0,Greed,-8.0,2,2,7.409425926879948
2024-04-04,0.0,33.595684999999996,-33.595684999999996,95987.73,32,0,70.0,Greed,-1.0,1,1,-0.3499997864310365
2024-04-05,10706.484306,103.430138,10603.054168,503791.8,100,90,79.0,Extreme Greed,9.0,3,6,21.046500097857887
2024-04-06,236.33513399999998,23.878277,212.45685699999999,68223.67,16,4,75.0,Extreme Greed,-4.0,1,1,3.1141223713118924
2024-04-07,0.0,17.495845,-17.495845,49988.14,23,0,78.0,Extreme Greed,3.0,1,1,-0.3499999199810195
2024-04-08,1218.4267,61.790548,1156.636152,211940.64,30,1,76.0,Extreme Greed,-2.0,2,2,5.457358966170905
2024-04-09,0.0,19.972341,-19.972341,57063.840000000004,3,0,80.0,Extreme Greed,4.0,1,1,-0.34999994742730245
2024-04-10,5207.443414,123.107562,5084.335852,351735.97,41,36,78.0,Extreme Greed,-2.0,1,1,14.454978408946916
2024-04-11,389.743164,26.740329,363.002835,76400.96,16,2,76.0,Extreme Greed,-2.0,1,1,4.751286305826524
2024-04-12,-592.6458390000001,97.560875,-690.206714,442088.59,129,101,79.0,Extreme Greed,3.0,3,5,-1.5612407323156656
2024-04-13,6621.451755,118.999176,6502.452579000001,486411.25,89,61,72.0,Greed,-7.0,2,6,13.368219955850119
2024-04-14,-36104.012520000004,213.477404,-36317.489924,659162.17,107,74,72.0,Greed,0.0,2,5,-55.09644147812669
2024-04-15,3774.08872,40.650603999999994,3733.438116,291111.19,41,35,74.0,Greed,2.0,2,2,12.824783945955495
2024-04-16,2467.702221,18.457685,2449.244536,181907.17,47,43,65.0,Greed,-9.0,2,2,13.464255070319657
2024-04-17,2441.4683999999997,10.620963,2430.8474370000004,97562.99,14,13,67.0,Greed,2.0,1,1,24.915671782916863
2024-04-19,1946.4454620000001,118.04025999999999,1828.4052020000001,337257.92000000004,35,27,66.0,Greed,9.0,1,1,5.421385514089632
2024-04-20,0.0,121.289047,-121.289047,60733.24,22,0,66.0,Greed,0.0,2,2,-1.997078486179891
2024-04-22,0.0,16.797764,-16.797764,47993.61,9,0,73.0,Greed,1.0,1,1,-0.35000001041805356
2024-04-23,1119.536196,71.308476,1048.2277199999999,233054.9,66,35,71.0,Greed,-2.0,2,2,4.4977716409309565
2024-04-24,279.185907,49.446315999999996,229.73959100000002,141275.24,20,7,72.0,Greed,1.0,1,1,1.626184397209306
2024-04-25,0.0,160.159512,-160.159512,120241.01,74,0,72.0,Greed,0.0,2,2,-1.331987414277375
2024-04-26,0.0,1.745898,-1.745898,4988.290000000001,3,0,70.0,Greed,-2.0,1,1,-0.3499992983567515
2024-04-27,4281.488139,53.99255,4227.495589,154264.47,27,19,67.0,Greed,-3.0,1,1,27.4042077803139
2024-04-28,0.0,15.394946,-15.394946,43985.6,58,0,65.0,Greed,-2.0,2,2,-0.3499996817140155
2024-04-29,526.9338359999999,38.04463,488.889206,108699.01,45,17,67.0,Greed,2.0,2,2,4.4976417540509335
2024-04-30,0.0,43.75655,-43.75655,125018.75,24,0,67.0,Greed,0.0,1,1,-0.34999990001499776
2024-05-01,0.0,30.458908,-30.458908,87025.45,14,0,54.0,Neutral,-13.0,1,1,-0.3500000057454457
2024-05-03,5306.017045,98.910681,5207.106364,282682.64999999997,36,19,48.0,Neutral,5.0,3,4,18.420325279956167
2024-05-04,0.0,20.649559,-20.649559,58998.75,9,0,67.0,Greed,19.0,2,2,-0.34999994067670925
2024-05-05,0.916,8.412778,-7.496778,24068.350000000002,6,1,69.0,Greed,2.0,2,2,-0.31147868466263784
2024-05-06,968.59038,72.105746,896.484634,206016.43,9,4,71.0,Greed,2.0,1,1,4.351520089926808
2024-05-07,883.537693,38.039061,845.4986319999999,108717.58,18,9,68.0,Greed,-3.0,3,4,7.7770185097939075
2024-05-08,1.56576,23.076826,-21.511066,65973.57,13,2,64.0,Greed,-4.0,2,3,-0.32605581295661273
2024-05-09,1147.595856,77.688132,1069.9077240000001,221966.12,28,11,55.0,Greed,-9.0,2,2,4.82013977628658
2024-05-10,2101.741695,54.90869,2046.833005,156882.0,22,6,66.0,Greed,11.0,1,1,13.046958892670924
2024-05-11,251.604742,22.137125,229.46761700000002,63248.95,9,9,53.0,Neutral,-13.0,1,1,3.6280067416138926
2024-05-12,0.0,19.312829,-19.312829,55179.56,23,0,56.0,Greed,3.0,2,3,-0.34999969191490476
2024-05-13,2136.853859,67.591599,2069.26226,193118.9,28,10,57.0,Greed,1.0,2,2,10.714965029316136
2024-05-14,1150.5233050000002,51.048685,1099.4746200000002,145853.4,23,4,66.0,Greed,9.0,1,1,7.5382172784453445
2024-05-15,948.970582,82.222887,866.747695,234922.57,36,17,64.0,Greed,-2.0,1,1,3.6895037160541877
2024-05-16,214.5898,56.91732,157.67248,162620.96,27,5,70.0,Greed,6.0,2,2,0.9695704661932879
2024-05-18,3522.3946610000003,44.206092,3478.188569,126303.14,25,16,73.0,Greed,-1.0,1,1,27.53841724758387
2024-05-19,0.0,10.499327000000001,-10.499327000000001,29998.09,8,0,72.0,Greed,-1.0,1,1,-0.3499998499904494
2024-05-20,-74.818442,13.343662,-88.162104,38124.75,10,3,70.0,Greed,-2.0,2,2,-2.3124637932052012
2024-05-21,7289.397571999999,385.331944,6904.065627999999,1100948.59,125,25,76.0,Extreme Greed,6.0,2,3,6.271015459495705
2024-05-22,0.0,15.748349000000001,-15.748349000000001,44995.29,6,0,76.0,Extreme Greed,0.0,1,1,-0.3499999444386291
2024-05-23,413.347329,113.43007899999999,299.91725,401850.6,325,156,76.0,Extreme Greed,0.0,3,7,0.7463401821472957
2024-05-24,821.949278,17.784165,804.165113,50811.899999999994,2,2,74.0,Greed,-2.0,1,1,15.826314564108015
2024-05-25,14.126038999999999,10.246887000000001,3.879151999999998,29991.129999999997,16,5,76.0,Extreme Greed,2.0,2,2,0.12934330917174505
2024-05-26,778.6839,18.768190999999998,759.915709,53976.67,16,4,75.0,Extreme Greed,-1.0,2,4,14.078595604360181
2024-05-27,1129.35587,45.832466,1083.523404,151115.72,251,93,74.0,Greed,-1.0,1,5,7.170156777865334
2024-05-29,277.791953,36.876599,240.915354,84268.76,164,71,72.0,Greed,0.0,2,15,2.85889283288374
2024-05-30,20.951433,0.993326,19.958107,2838.09,7,5,73.0,Greed,1.0,1,5,7.032231888347444
2024-05-31,25.35812,1.272646,24.085473999999998,3636.14,13,4,73.0,Greed,0.0,1,3,6.623912720632319
2024-06-01,91.510419,4.492106,87.018313,12834.62,25,9,72.0,Greed,-1.0,1,3,6.779968008402275
2024-06-02,192.906947,7.792912,185.114035,29464.51,93,34,73.0,Greed,1.0,1,2,6.28261033358437
2024-06-03,562.808208,5.378086,557.430122,21466.86,70,44,73.0,Greed,0.0,1,2,25.967007843718175
2024-06-04,52.211438,7.432953,44.778485,24243.41,53,25,73.0,Greed,0.0,1,4,1.8470374010916784
2024-06-05,56.055506,7.1040600000000005,48.951446000000004,25350.77,54,17,75.0,Extreme Greed,2.0,1,3,1.9309648582666328
2024-06-06,274.173187,37.079424,237.093763,137557.76,234,102,78.0,Extreme Greed,3.0,1,5,1.7235942414299272
2024-06-07,8902.467416,372.962664,8529.504751999999,1098588.76,440,178,77.0,Extreme Greed,-1.0,3,6,7.764056089559845
2024-06-08,129.13883900000002,34.073137,95.065702,97351.88,29,8,72.0,Greed,-5.0,2,4,0.9765163446252912
2024-06-09,0.0,7.515775,-7.515775,22410.22,17,0,75.0,Extreme Greed,3.0,2,2,-0.3353726558686171
2024-06-10,31.266804999999998,14.696328000000001,16.570477,46587.93,53,18,72.0,Greed,-3.0,2,3,0.35568176134891594
2024-06-11,4320.631811,129.928213,4190.703598,373279.92,123,17,74.0,Greed,2.0,3,7,11.226705143957382
2024-06-12,-21886.531493,63.921417,-21950.45291,193407.96,254,78,72.0,Greed,-2.0,2,3,-113.49301709195424
2024-06-13,6632.757115,33.39975,6599.357365,132577.22,79,20,70.0,Greed,-2.0,2,4,49.77746075079866
2024-06-14,10258.592609,38.954076,10219.638533,139868.66,31,15,74.0,Greed,4.0,2,2,73.06596440546438
2024-06-15,3369.958346,251.422549,3118.535797,718350.25,78,38,74.0,Greed,0.0,2,2,4.341246901494084
2024-06-16,0.0,8.832277,-8.832277,25235.079999999998,11,0,71.0,Greed,-3.0,1,1,-0.34999996037262415
2024-06-17,10599.502375,128.93302500000001,10470.56935,368380.12,38,26,71.0,Greed,0.0,2,2,28.42327471417296
2024-06-18,282.57636,67.160258,215.416102,263314.79,25,4,74.0,Greed,3.0,2,2,0.8180934386556866
2024-06-19,4887.656944,138.851743,4748.805201,417071.12,61,31,64.0,Greed,-10.0,3,5,11.386080151030356
2024-06-20,57478.456026,13.46905,57464.986976,207990.8,39,8,60.0,Greed,-4.0,3,4,276.28619619713953
2024-06-21,773.5582039999999,61.277099,712.281105,176264.49,80,3,63.0,Greed,3.0,2,3,4.040979013980638
2024-06-22,756.876565,40.533382,716.343183,169594.27000000002,24,8,53.0,Neutral,-10.0,2,2,4.223864302726737
2024-06-23,0.0,0.17921199999999998,-0.17921199999999998,1792.12,5,0,55.0,Greed,2.0,1,1,-0.09999999999999999
2024-06-24,0.0,103.551001,-103.551001,403002.8,31,0,51.0,Neutral,-4.0,2,2,-0.25694858943908083
2024-06-25,4869.353105,36.084651,4833.268454,103099.08,49,11,30.0,Fear,-21.0,1,2,46.87984077064509
2024-06-26,4197.732182,127.5543,4070.177882,365190.66000000003,72,21,46.0,Neutral,16.0,2,2,11.1453504369471
2024-06-27,0.0,45.556012,-45.556012,130486.95,30,0,40.0,Fear,-6.0,2,3,-0.3491231268720742
2024-06-29,6150.326145,460.295231,5690.030914,280095.11,75,24,30.0,Fear,-17.0,2,5,20.314638531176072
2024-06-30,0.0,17.057669,-17.057669,30520.69,14,0,47.0,Neutral,17.0,2,4,-0.558888707955161
2024-07-01,5065.839308,425.323025,4640.516283,362670.14999999997,64,26,53.0,Neutral,6.0,2,5,12.795418324336868
2024-07-02,2421.253116,11.458730000000001,2409.794386,33347.47,18,13,51.0,Neutral,-2.0,1,2,72.26318476334187
2024-07-03,1118.387284,62.628682,1055.7586019999999,179600.66,18,4,50.0,Neutral,-1.0,2,2,5.878367050544246
2024-07-04,0.0,113.02464499999999,-113.02464499999999,430568.01,25,0,44.0,Fear,-6.0,2,2,-0.2625012596732395
2024-07-05,0.0,95.130717,-95.130717,272289.89,32,0,29.0,Fear,-15.0,2,3,-0.3493729311800743
2024-07-06,108.87217799999999,344.35416,-235.481982,2490.17,24,7,26.0,Fear,-3.0,1,3,-94.56462088933687
2024-07-07,61.428942,0.049875,61.379067,498.75,10,10,29.0,Fear,3.0,1,1,123.06579849624059
2024-07-08,0.0,0.0156,-0.0156,497.64,1,0,28.0,Fear,-1.0,1,1,-0.031347962382445145
2024-07-09,648.984412,0.39756800000000003,648.586844,2736.45,15,15,27.0,Fear,-1.0,1,1,237.01761186939285
2024-07-10,11977.734907,240.76504,11736.969867,687900.21,56,38,28.0,Fear,1.0,2,3,17.0620239627489
2024-07-11,1876.812082,59.460443,1817.351639,169887.02,19,9,29.0,Fear,1.0,1,1,10.697413133740294
2024-07-12,1412.314654,31.354029,1380.9606250000002,89582.97,19,9,25.0,Fear,-4.0,2,2,15.415436940748897
2024-07-13,2913.617837,48.71621,2864.9016269999997,139189.19,17,17,25.0,Fear,0.0,2,2,20.582788268255598
2024-07-14,0.0,29.400389,-29.400389,84001.13,7,0,33.0,Fear,8.0,1,1,-0.34999992262008855
2024-07-15,-1.0,68.995769,-69.995769,198344.85,26,2,52.0,Neutral,19.0,2,2,-0.3528993518107477
2024-07-16,0.0,50.400180999999996,-50.400180999999996,144000.57,22,0,65.0,Greed,13.0,1,1,-0.34999987152828627
2024-07-17,1859.269477,206.601913,1652.667564,626005.53,351,155,69.0,Greed,4.0,3,3,2.6400207103601785
2024-07-18,3803.884311,227.396664,3576.487647,649704.85,60,48,61.0,Greed,-8.0,2,2,5.504788285018959
2024-07-19,2155.891114,52.594288,2103.296826,150269.42,23,12,60.0,Greed,-1.0,2,3,13.996838651536683
2024-07-20,2299.169566,80.758418,2218.411148,244362.21,266,36,74.0,Greed,14.0,2,5,9.078372421005689
2024-07-21,-2960.716887,64.72334,-3025.440227,234307.46,448,236,74.0,Greed,0.0,2,4,-12.912265904807299
2024-07-22,1517.119876,97.459536,1419.66034,304213.8,154,106,70.0,Greed,-4.0,2,3,4.666653320789523
2024-07-23,89890.302206,59.243126000000004,89831.05908,358526.54,370,364,71.0,Greed,1.0,3,3,250.55623240611425
2024-07-24,625.561479,55.067279,570.4942,69207.93,90,18,69.0,Greed,-2.0,5,27,8.243191206556821
2024-07-25,916.7382600000001,224.185916,692.5523440000001,528555.31,78,10,68.0,Greed,-1.0,3,4,1.31027412060244
2024-07-26,2766.513113,206.567015,2559.946098,548587.65,152,61,68.0,Greed,0.0,4,4,4.66643042000672
2024-07-27,6400.623656,316.819894,6083.803762,905199.75,57,42,72.0,Greed,4.0,2,3,6.720951659564642
2024-07-28,587.29903,15.139122,572.159908,43254.68,16,12,71.0,Greed,-1.0,2,2,13.227699476680904
2024-07-29,330.80445399999996,114.519684,216.28477,327199.14,39,16,74.0,Greed,3.0,2,2,0.6610187606238818
2024-07-30,0.0,12.602264,-12.602264,36006.47,6,0,67.0,Greed,-7.0,1,1,-0.3499999861136068
2024-07-31,765.690884,29.577267000000003,736.113617,84506.54,43,14,61.0,Greed,-6.0,2,4,8.710729571936088
2024-08-01,167.080017,108.095036,58.98498099999998,227774.53,57,7,52.0,Neutral,-9.0,4,6,0.2589621455919588
2024-08-02,782.3681909999999,145.520462,636.847729,396320.37,63,17,57.0,Greed,5.0,3,5,1.6069013283369713
2024-08-03,464.1897,108.653106,355.53659400000004,290532.86,37,1,37.0,Fear,-20.0,5,4,1.223739696776468
2024-08-04,-122672.000883,445.902235,-123117.903118,1207744.07,127,65,34.0,Fear,-3.0,5,5,-101.94039132645047
2024-08-05,-13013.665169,202.719158,-13216.384327,420495.4,80,38,26.0,Fear,-8.0,4,6,-31.430508697598114
2024-08-06,267.318048,62.621279,204.696769,61478.38,107,26,17.0,Extreme Fear,-9.0,2,16,3.3295732418453445
2024-08-07,188.789255,3.7522038,185.0370512,2492.77,33,10,29.0,Fear,12.0,3,14,74.22949217135957
2024-08-08,-40.712216999999995,6.647995,-47.360212,16299.35,9,3,20.0,Extreme Fear,-9.0,2,4,-2.9056503480200124
2024-08-09,18082.071276,185.25438068,17896.81689532,503204.86,144,58,48.0,Neutral,28.0,5,8,35.56566781831162
2024-08-10,0.0,50.0831879,-50.0831879,11339.29,88,0,40.0,Fear,-8.0,2,4,-4.416783405310209
2024-08-11,847.7766200000001,40.931287,806.845333,44230.21,24,4,39.0,Fear,-1.0,2,2,18.24195121388752
2024-08-12,858.6705000000001,36.071895,822.598605,54167.32,48,6,25.0,Fear,-14.0,3,5,15.186252615045381
2024-08-13,212.08102,17.932876999999998,194.148143,20797.87,23,8,31.0,Fear,6.0,3,5,9.335001276573035
2024-08-14,2168.9015130000003,46.493106,2122.4084070000004,66710.03,25,5,30.0,Fear,-1.0,3,3,31.815431757413393
2024-08-15,0.0,16.50261,-16.50261,1522.3700000000001,12,0,29.0,Fear,-1.0,1,1,-10.840078298968056
2024-08-16,825.230544,81.187942,744.042602,166382.84,35,3,27.0,Fear,-2.0,2,4,4.471871029488377
2024-08-17,-288.283113,17.096539,-305.379652,30248.96,30,1,25.0,Fear,-2.0,2,2,-10.095542193847326
2024-08-18,307.201888,21.981557000000002,285.220331,62804.48,15,12,31.0,Fear,6.0,2,2,4.541401043365059
2024-08-19,339.69958299999996,35.110258,304.58932500000003,100315.03,8,5,28.0,Fear,-3.0,1,1,3.0363279061971076
2024-08-20,192.602844,17.470174,175.13267000000002,49914.8,12,1,30.0,Fear,2.0,2,3,3.5086321091139303
2024-08-21,656.200925,36.746583,619.454342,104990.41,145,54,26.0,Fear,-4.0,2,6,5.9001040380735725
2024-08-23,1005.30527,22.228341999999998,983.076928,63509.56,10,3,34.0,Fear,-5.0,1,1,15.479196013954434
2024-08-24,0.0,12.249882,-12.249882,34999.67,7,0,56.0,Greed,22.0,2,2,-0.3499999285707551
2024-08-25,0.0,26.303603,-26.303603,21950.28,17,0,54.0,Neutral,-2.0,2,3,-1.1983265361535251
2024-08-26,231.236918,32.302932,198.933986,92611.27,6,2,55.0,Greed,1.0,2,2,2.1480537519893637
2024-08-27,0.0,52.053552,-52.053552,70250.16,50,0,48.0,Neutral,-7.0,2,4,-0.7409741415535566
2024-08-28,1333.359645,24.906026,1308.453619,71160.06999999999,9,2,30.0,Fear,-18.0,2,2,18.387469531719123
2024-08-29,0.0,3.498547,-3.498547,9995.85,1,0,29.0,Fear,-1.0,1,1,-0.34999994997924133
2024-08-30,256.464,13.031175999999999,243.432824,37233.24,6,1,34.0,Fear,5.0,4,4,6.538051053306132
2024-08-31,10.882801,39.955315,-29.072513999999998,107507.43000000001,34,13,29.0,Fear,-5.0,3,5,-0.2704233000454015
2024-09-01,137.433093,4.325861,133.107232,12359.68,12,5,26.0,Fear,-3.0,1,4,10.769472348798674
2024-09-02,0.0,10.500148,-10.500148,30000.42,2,0,26.0,Fear,0.0,1,1,-0.35000003333286667
2024-09-04,1065.785132,63.570226999999996,1002.214905,131480.97,34,8,27.0,Fear,1.0,2,4,7.622509211789357
2024-09-05,0.0,0.0,0.0,0.84,1,0,29.0,Fear,2.0,1,1,0.0
2024-09-06,-1104.856765,13.666476,-1118.523241,39047.1,42,38,22.0,Extreme Fear,-7.0,2,2,-28.645488166854904
2024-09-08,0.0,0.0,0.0,0.11,1,0,29.0,Fear,6.0,1,1,0.0
2024-09-09,0.0,34.9079,-34.9079,4014.4300000000003,2,0,26.0,Fear,-3.0,1,1,-8.695605602787941
2024-09-10,-219.729659,7.2904,-227.020059,2547.28,3,2,33.0,Fear,7.0,2,2,-89.12253815834929
2024-09-11,0.0,0.0,0.0,0.54,1,0,37.0,Fear,4.0,1,1,0.0
2024-09-14,0.0,30.381330000000002,-30.381330000000002,1014.8000000000001,11,0,50.0,Neutral,18.0,2,2,-29.938243988963343
2024-09-18,-878.684794,31.732943,-910.417737,13633.5,145,134,45.0,Neutral,12.0,1,2,-66.77799075805919
2024-09-19,0.0,28.60766,-28.60766,1521.8700000000001,19,0,49.0,Neutral,4.0,1,2,-18.79770282612838
2024-09-20,9585.03428,109.317031,9475.717249,332873.38,16,9,54.0,Neutral,5.0,2,3,28.46643143708277
2024-09-21,36165.56933,57.976841,36107.592489,165648.12,23,23,54.0,Neutral,0.0,1,1,217.97767755529011
2024-09-22,0.0,6.999907,-6.999907,19999.739999999998,3,0,52.0,Neutral,-2.0,1,1,-0.34999989999870007
2024-09-23,334.760796,14.117002000000001,320.643794,40334.29,2,1,50.0,Neutral,-2.0,1,1,7.949657574237701
2024-09-24,0.0,12.966142,-12.966142,7118.63,10,0,54.0,Neutral,4.0,2,3,-1.8214378328414313
2024-09-25,0.0,17.764677,-17.764677,52754.130000000005,9,0,59.0,Greed,5.0,2,2,-0.33674476292187927
2024-09-26,439.812513,31.348204,408.464309,113711.93000000001,8,2,50.0,Neutral,-9.0,2,2,3.5920972320142663
2024-09-27,0.0,37.503311,-37.503311,126097.04,56,0,61.0,Greed,11.0,2,2,-0.2974162676617944
2024-09-28,0.0,2.8031200000000003,-2.8031200000000003,29199.21,4,0,64.0,Greed,3.0,1,1,-0.0959998575303921
2024-09-30,2710.626288,65.637576,2644.988712,214669.85,106,5,61.0,Greed,-2.0,2,2,12.32119327423017
2024-10-01,0.0,48.98401,-48.98401,139954.32,4,0,50.0,Neutral,-11.0,1,1,-0.34999998570962293
2024-10-02,0.0,34.984016999999994,-34.984016999999994,99954.34,4,0,42.0,Fear,-8.0,1,1,-0.3499999799908638
2024-10-03,100.375782,46.527491000000005,53.848290999999996,132935.69,9,3,37.0,Fear,-5.0,2,2,0.4050702335843745
2024-10-04,0.0,0.0,0.0,0.34,1,0,41.0,Fear,4.0,1,1,0.0
2024-10-05,5767.161892,211.961771,5555.200121,605605.74,37,24,49.0,Neutral,8.0,2,2,9.172964775730165
2024-10-06,130.487079,105.045693,25.441386,300130.56,22,5,50.0,Neutral,1.0,1,1,0.08476772908430252
2024-10-07,0.0,76.994616,-76.994616,219984.65,21,0,50.0,Neutral,0.0,1,1,-0.34999994772362525
2024-10-08,5396.546638,152.10422,5244.4424180000005,434584.13,36,33,49.0,Neutral,-1.0,2,2,12.067726490610692
2024-10-09,396.06272,77.139967,318.922753,220399.93,14,3,49.0,Neutral,0.0,1,1,1.447018395151033
2024-10-10,0.0,105.00851,-105.00851,300024.33999999997,16,0,39.0,Fear,-10.0,1,1,-0.3499999700024338
2024-10-11,8885.327477,171.116194,8714.211283,488904.19,26,18,32.0,Fear,-7.0,2,2,17.82396522926097
2024-10-12,541.55471,55.899685,485.65502499999997,159713.4,10,7,49.0,Neutral,17.0,1,1,3.040790722631914
2024-10-13,0.0,21.000841,-21.000841,60002.42,10,0,50.0,Neutral,1.0,1,1,-0.3499999000040332
2024-10-14,1913.61958,21.670604,1891.948976,61916.020000000004,5,5,48.0,Neutral,-2.0,1,1,30.556695601558364
2024-10-15,1170.2260760000001,28.410673,1141.815403,81173.36,7,4,65.0,Greed,17.0,1,1,14.066380928422824
2024-10-16,219.480876,28.080204000000002,191.400672,80229.17,11,3,73.0,Greed,8.0,1,1,2.385674337650508
2024-10-17,36.11496,49.186107,-13.071147000000003,140531.75,9,2,71.0,Greed,-2.0,2,1,-0.09301205599446391
2024-10-18,333.219141,42.115998,291.103143,120331.43000000001,6,5,73.0,Greed,2.0,1,1,2.419177957080706
2024-10-19,0.0,34.998901000000004,-34.998901000000004,99996.86,4,0,72.0,Greed,-1.0,1,1,-0.35000000000000003
2024-10-20,389.155797,59.257459,329.898338,176447.86000000002,96,11,73.0,Greed,1.0,2,4,1.869664715684282
2024-10-21,2464.915564,109.858043,2355.057521,324117.99,173,68,72.0,Greed,-1.0,2,2,7.266049999261073
2024-10-22,0.0,21.000124,-21.000124,60000.36,3,0,70.0,Greed,-2.0,1,1,-0.34999996666686667
2024-10-23,-46.489941,73.502111,-119.992052,210006.07,18,3,71.0,Greed,1.0,1,2,-0.5713742083740723
2024-10-25,13235.862071,143.841914,13092.020156999999,427883.18,30,21,72.0,Greed,3.0,2,2,30.597183457877453
2024-10-26,42471.99413,8.512204,42463.481926,88668.86,6,6,72.0,Greed,0.0,1,1,478.89960382934885
2024-10-27,666.6623079999999,31.73254,634.929768,90664.41,4,3,74.0,Greed,2.0,1,1,7.003076157447007
2024-10-28,167.28016200000002,42.27334,125.00682200000003,121495.25,13,4,72.0,Greed,-2.0,2,2,1.0289029571114923
2024-10-29,801.170876,214.643714,586.527162,613267.8099999999,53,3,72.0,Greed,0.0,2,7,0.9563964591586831
2024-10-30,9.150023,3.596988,5.5530349999999995,11830.85,25,8,77.0,Extreme Greed,5.0,1,4,0.4693690647755655
2024-10-31,1214.043811,312.710928,901.332883,896173.36,48,37,77.0,Extreme Greed,0.0,3,7,1.005757282274046
2024-11-01,1040.475736,90.654875,949.820861,260981.03,23,10,75.0,Extreme Greed,-2.0,2,2,3.6394249076264282
2024-11-02,0.0,13.999997,-13.999997,40000.0,2,0,72.0,Greed,-3.0,1,1,-0.34999992500000005
2024-11-03,0.0,40.404152,-40.404152,129055.66,6,0,74.0,Greed,2.0,2,2,-0.3130753970806085
2024-11-04,2799.410474,158.13418000000001,2641.2762940000002,451811.97,36,23,70.0,Greed,-4.0,2,2,5.845963518850553
2024-11-05,678.4759280000001,70.219524,608.256404,200627.23,10,5,70.0,Greed,0.0,1,1,3.0317739222138487
2024-11-06,2817.83723,43.36741,2774.46982,123906.9,15,9,70.0,Greed,0.0,2,2,22.391568346879794
2024-11-07,4493.353136,26.17844238,4467.17469362,111335.3,113,60,77.0,Extreme Greed,7.0,3,5,40.1236148249477
2024-11-08,-64.41354100000007,93.87825699999999,-158.29179800000006,270700.44,39,16,75.0,Extreme Greed,-2.0,2,2,-0.5847489497985302
2024-11-09,102.90894,66.18450299999999,36.724437,193384.41,86,44,75.0,Extreme Greed,0.0,2,4,0.1899038138596591
2024-11-10,991.114334,142.313546,848.800788,413636.7,173,51,78.0,Extreme Greed,3.0,3,10,2.0520441924036237
2024-11-11,6749.630996,396.91055,6352.720446,1570572.42,373,96,76.0,Extreme Greed,-2.0,4,13,4.044844010440474
2024-11-12,3494.399394,427.904853,3066.494541,1226354.52,171,42,80.0,Extreme Greed,4.0,4,5,2.5004959748507307
2024-11-13,7846.402274,179.184068,7667.2182060000005,515336.37,48,32,84.0,Extreme Greed,4.0,5,5,14.878084785671154
2024-11-14,4563.509225,335.028802,4228.480423,1008361.81,110,28,88.0,Extreme Greed,4.0,2,3,4.193415876192296
2024-11-15,4140.740438,466.427513,3674.312925,1427858.42,149,55,80.0,Extreme Greed,-8.0,4,4,2.573303398666095
2024-11-16,2769.521909,100.171303,2669.350606,303296.07,157,58,86.0,Extreme Greed,6.0,4,12,8.801138128825738
2024-11-17,882.975285,271.111689,611.863596,1215987.57,209,62,90.0,Extreme Greed,4.0,4,15,0.503182442892899
2024-11-18,4470.815187,445.104339,4025.710848,2084339.58,346,156,83.0,Extreme Greed,-7.0,7,23,1.9314083399020805
2024-11-19,2958.268991,201.486933,2756.782058,628031.15,305,167,90.0,Extreme Greed,7.0,5,23,4.389562616440283
2024-11-20,4210.0928969999995,644.057369,3566.035528,1999514.1199999999,550,299,83.0,Extreme Greed,-7.0,5,20,1.7834510355945874
2024-11-21,1692.430891,198.628267,1493.802624,598300.62,535,255,82.0,Extreme Greed,-1.0,5,12,2.496742563963915
2024-11-22,-18105.345617,436.439059,-18541.784676,1646713.62,679,352,94.0,Extreme Greed,12.0,6,15,-11.25987205717045
2024-11-23,2901.531638,154.621867,2746.909771,516245.68,363,149,93.0,Extreme Greed,-1.0,4,16,5.320935123369943
2024-11-24,945.550386,202.583126,742.96726,664952.28,172,61,80.0,Extreme Greed,-13.0,3,16,1.117324178510975
2024-11-25,5523.740734,283.779701,5239.961033,937410.87,255,149,82.0,Extreme Greed,2.0,2,14,5.589823204205003
2024-11-26,1094.809359,311.298478,783.510881,1146902.44,302,128,79.0,Extreme Greed,-3.0,4,16,0.6831539054010558
2024-11-27,-2654.495633,439.714536,-3094.210169,1444242.53,213,130,75.0,Extreme Greed,-4.0,2,12,-2.142444987408036
2024-11-28,-127075.39958499999,315.582009,-127390.981594,1894225.15,332,228,77.0,Extreme Greed,2.0,5,16,-67.25229130972102
2024-11-29,176844.994152,192.45173557,176652.54241643,794262.91,393,209,78.0,Extreme Greed,1.0,11,25,222.4106655268971
2024-11-30,37316.69352,552.3753395,36764.3181805,1732193.7,373,173,84.0,Extreme Greed,6.0,8,25,21.224138028270165
2024-12-01,40886.364494,245.38375138,40640.98074262,814711.82,416,232,81.0,Extreme Greed,-3.0,9,30,49.88387273259396
2024-12-02,18489.604313,147.88781359,18341.71649941,585243.56,270,112,80.0,Extreme Greed,-1.0,8,27,31.340313252502938
2024-12-03,23576.539285,330.57309170999997,23245.966193289998,1084666.53,374,177,76.0,Extreme Greed,-4.0,8,20,21.431440493780144
2024-12-04,292891.815021,172.60641765,292719.20860335,769287.65,319,166,78.0,Extreme Greed,2.0,7,28,380.50683460647
2024-12-05,71574.11848800001,352.76572323,71221.35276477,1256750.79,456,205,84.0,Extreme Greed,6.0,8,26,56.67102287221955
2024-12-06,-92624.643895,691.99378587,-93316.63768087,3471019.22,403,137,72.0,Greed,-12.0,10,30,-26.884506182846774
2024-12-07,85906.279067,108.4520379,85797.8270291,451733.42,304,142,75.0,Extreme Greed,3.0,6,30,189.93021820059272
2024-12-08,15965.933436,234.17888346,15731.75455254,932939.72,420,156,79.0,Extreme Greed,4.0,6,31,16.862562730783935
2024-12-09,6310.967676,174.77343643,6136.19423957,983949.68,539,178,78.0,Extreme Greed,-1.0,10,29,6.236288668308728
2024-12-10,39325.770231,453.54068535,38872.22954565,3150424.08,1596,1123,78.0,Extreme Greed,0.0,11,34,12.338729186468761
2024-12-11,319051.554217,413.50923006,318638.04498694,2194098.33,1221,882,74.0,Greed,-4.0,12,21,145.22505241911375
2024-12-12,599151.795008,698.96545151,598452.82955649,4557189.87,1932,1417,83.0,Extreme Greed,9.0,14,29,131.3205827775813
2024-12-13,31935.901745,453.22737636,31482.67436864,2880824.64,1173,489,76.0,Extreme Greed,-7.0,11,27,10.928355003461785
2024-12-14,167801.399244,232.09144503,167569.30779897,2369561.78,1235,602,83.0,Extreme Greed,7.0,12,23,70.7174251430448
2024-12-15,97525.315279,231.33057037999998,97293.98470862,2583269.81,1697,469,80.0,Extreme Greed,-3.0,15,21,37.66311375296102
2024-12-16,166774.344133,402.150056,166372.194077,2740808.97,1055,546,83.0,Extreme Greed,3.0,13,34,60.70185696925824
2024-12-17,219591.305172,746.14038598,218845.16478602,5233597.63,1941,873,87.0,Extreme Greed,4.0,16,36,41.81543562530618
2024-12-18,13682.994673,691.44797021,12991.54670279,3798887.07,1429,743,81.0,Extreme Greed,-6.0,13,35,3.4198296667950174
2024-12-19,62744.004486000005,1056.23317908,61687.771306919996,8241709.39,3339,2196,75.0,Extreme Greed,-6.0,13,29,7.484827283739011
2024-12-20,254969.660039,1210.83830578,253758.82173322001,7681274.71,2488,1479,74.0,Greed,-1.0,15,20,33.03602999679985
2024-12-21,150022.163157,680.39159713,149341.77155987,4382875.12,1681,934,73.0,Greed,-1.0,8,19,34.07392806570998
2024-12-22,352197.163973,333.05684453,351864.10712847,3087320.22,774,353,73.0,Greed,0.0,8,17,113.97071960629661
2024-12-23,-29430.626577,1200.89694657,-30631.523523569995,6771878.26,2347,1404,70.0,Greed,-3.0,14,33,-4.523342320623761
2024-12-24,14813.780116,386.78244023,14426.99767577,1767036.11,338,171,73.0,Greed,3.0,11,31,8.164517744784513
2024-12-25,756.6570469999998,66.51878221999999,690.1382647799999,347889.35,208,82,73.0,Greed,0.0,6,20,1.9837866976381997
2024-12-26,60228.639722,523.35899848,59705.28072352,2205242.65,697,371,79.0,Extreme Greed,6.0,7,16,27.07424542306943
2024-12-27,2672.811035,88.5556466,2584.2553884000004,347913.0,260,116,74.0,Greed,-5.0,7,16,7.42787820058463
2024-12-28,940.673623,48.40849263,892.26513037,281555.01,161,46,72.0,Greed,-2.0,7,14,3.169061457546076
2024-12-29,2884.067927,72.1173571,2811.9505699,344628.54,201,64,73.0,Greed,1.0,7,18,8.159366516481775
2024-12-30,9009.738137,284.90632048,8724.83181652,1073865.73,304,122,65.0,Greed,-8.0,9,18,8.12469526941697
2024-12-31,5445.01281,266.51641113,5178.49639887,877164.62,306,100,64.0,Greed,-1.0,6,19,5.903676779473846
2025-01-01,-9528.065345,31.60438221,-9559.66972721,282582.1,96,30,66.0,Greed,2.0,6,13,-33.82970728581181
2025-01-02,8716.519087,176.13969323,8540.37939377,774674.84,361,168,70.0,Greed,4.0,9,40,11.024469819840798
2025-01-03,6028.486793,210.99783681,5817.48895619,771208.99,508,163,74.0,Greed,4.0,9,68,7.543336542523966
2025-01-04,2553.537968,233.711971,2319.825997,1826029.6199999999,371,85,73.0,Greed,-1.0,9,32,1.2704207925170459
2025-01-05,3187.719363,139.34161097,3048.37775203,451943.57,239,104,72.0,Greed,-1.0,8,23,6.7450406519336035
2025-01-06,6064.185393,174.93108825,5889.25430475,556526.99,573,121,76.0,Extreme Greed,4.0,7,39,10.58215398457135
2025-01-07,16098.227531,303.38645263,15794.84107837,1313178.1,637,500,78.0,Extreme Greed,2.0,6,72,12.02795041919295
2025-01-08,130117.090554,696.91291038,129420.17764361999,3177275.18,1039,422,70.0,Greed,-8.0,11,56,40.7330716767252
2025-01-09,46975.928902,275.51377943,46700.41512257,1020733.25,522,169,69.0,Greed,-1.0,7,80,45.751830973048044
2025-01-10,-10116.875552,2094.17917505,-12211.054727050001,6547449.68,819,488,50.0,Neutral,-19.0,7,82,-1.8650093278838304
2025-01-11,2269.080536,494.64797735,1774.4325586500001,1658098.71,283,88,69.0,Greed,19.0,7,19,1.070160990988287
2025-01-12,5742.241803,612.0827527,5130.1590503,2258459.17,602,475,62.0,Greed,-7.0,7,23,2.271530572013839
2025-01-13,9655.429352,863.10012478,8792.32922722,2936648.0100000002,408,166,61.0,Greed,-1.0,11,26,2.994001731661398
2025-01-14,16069.512355,240.59104948,15828.92130552,876581.97,275,141,63.0,Greed,2.0,9,23,18.057548349437305
2025-01-15,14819.5883,513.60899482,14305.97930518,1801599.8900000001,267,139,70.0,Greed,7.0,11,22,7.940708358491297
2025-01-16,20807.709328,890.56916796,19917.140160040002,3049692.96,371,141,75.0,Extreme Greed,5.0,9,28,6.530867343458734
2025-01-17,7006.415608,351.41464889,6655.00095911,1110230.46,238,127,75.0,Extreme Greed,0.0,8,23,5.9942518232746025
2025-01-18,443.2330819999997,815.9342014599999,-372.70111945999986,2711629.88,651,280,77.0,Extreme Greed,2.0,12,32,-0.1374454243216998
2025-01-19,87923.799302,2162.35563971,85761.44366229,9715215.3,1567,434,77.0,Extreme Greed,0.0,15,28,8.827539175821455
2025-01-20,87277.239173,2207.65981966,85069.57935334,8287327.01,1315,808,76.0,Extreme Greed,-1.0,15,38,10.265020223129822
2025-01-21,11077.839421,398.3042653,10679.5351557,1523729.82,530,214,76.0,Extreme Greed,0.0,8,29,7.008811546196555
2025-01-22,20524.408057,471.17013976,20053.23791724,1778406.43,832,296,84.0,Extreme Greed,8.0,10,31,11.275958959077762
2025-01-23,101256.24216,1088.34986968,100167.89229032,3697028.66,1218,847,75.0,Extreme Greed,-9.0,12,39,27.09416169100512
2025-01-24,10602.779738,338.6436011,10264.1361369,1611433.45,874,499,75.0,Extreme Greed,0.0,11,26,6.369568744461648
2025-01-25,-10348.016255999999,318.93376206,-10666.95001806,1239377.7,506,170,75.0,Extreme Greed,0.0,11,26,-8.606698360039882
2025-01-26,40823.466668,382.25815423,40441.20851377,1201173.66,451,206,73.0,Greed,-2.0,7,25,33.668078031090026
2025-01-27,41331.765392,406.25916743,40925.50622457,1508028.31,773,400,71.0,Greed,-2.0,15,31,27.13842038188925
2025-01-28,17979.613973,124.71028463,17854.90368837,579412.17,498,328,72.0,Greed,1.0,8,20,30.815548262249994
2025-01-29,23421.01147,612.52114509,22808.49032491,1897513.41,910,393,72.0,Greed,0.0,9,26,12.020199807130743
2025-01-30,23097.471385,874.65111573,22222.82026927,3014397.17,1067,423,70.0,Greed,-2.0,11,22,7.372227021189116
2025-01-31,35868.296773,670.93805151,35197.35872149,2783411.48,1016,586,76.0,Extreme Greed,6.0,11,29,12.645402583986613
2025-02-01,32300.205017,285.47738189,32014.72763511,1363746.44,634,398,68.0,Greed,-8.0,12,33,23.47557192164696
2025-02-02,162854.759623,1184.12208921,161670.63753379,5661092.29,1319,529,60.0,Greed,-8.0,13,39,28.558205599186582
2025-02-03,348871.326269,2991.56562406,345879.76064494,22592901.37,2380,1338,44.0,Fear,-16.0,12,37,15.309222794386944
2025-02-04,416876.88812,3853.77856394,413023.10955606,15678409.27,2512,797,72.0,Greed,28.0,13,23,26.34343206911705
2025-02-05,56706.235562,1335.74961667,55370.48594533,8743231.51,1297,507,54.0,Neutral,-18.0,11,17,6.332954340966547
2025-02-06,33803.799733,709.13035861,33094.669374389996,2818508.87,1703,829,49.0,Neutral,-5.0,11,20,11.741907122112409
2025-02-07,22450.002091,738.0892383400001,21711.91285266,3460263.54,1524,537,44.0,Fear,-5.0,13,27,6.274641397013362
2025-02-08,586.703253,109.97628618,476.72696682,839734.97,575,122,44.0,Fear,0.0,10,23,0.5677112230064684
2025-02-09,150551.829492,427.36182496,150124.46766704,2920919.7,764,334,46.0,Neutral,2.0,12,24,51.39630085244726
2025-02-10,63908.49465,491.3623421,63417.1323079,3624958.44,889,462,43.0,Fear,-3.0,14,26,17.4945818986824
2025-02-11,-6093.784817,476.43012785,-6570.2149448499995,2797544.17,848,326,47.0,Neutral,4.0,12,19,-2.348565222064036
2025-02-12,19848.635032,1099.15503114,18749.48000086,4143974.54,1031,557,46.0,Neutral,-1.0,12,23,4.524516215019989
2025-02-13,27829.534238,823.48748402,27006.04675398,3199852.21,1370,657,50.0,Neutral,4.0,11,28,8.439779396555318
2025-02-14,213860.675308,961.57771575,212899.09759225,4007103.42,1655,802,48.0,Neutral,-2.0,15,22,53.13042247166408
2025-02-15,45042.92701,374.08731802,44668.83969198,1712852.95,932,417,50.0,Neutral,2.0,12,27,26.07861912021111
2025-02-16,2369.478425,171.57200528,2197.90641972,806177.64,681,349,54.0,Neutral,4.0,10,14,2.7263301667855737
2025-02-17,1818.573295,253.48675564,1565.08653936,2031044.64,941,242,51.0,Neutral,-3.0,9,27,0.7705820485363631
2025-02-18,91204.672403,609.53940291,90595.13300009,3371128.68,1676,930,47.0,Neutral,-4.0,11,30,26.873828204057165
2025-02-19,14985.794701,688.4874495,14297.3072515,3263930.24,1361,640,44.0,Fear,-3.0,10,15,4.380396086988672
2025-02-20,46008.794102,1232.46402475,44776.33007725,4628609.29,2012,992,49.0,Neutral,5.0,11,25,9.673819342234868
2025-02-21,119693.49395,829.71831377,118863.77563623,3972159.88,1873,1012,55.0,Greed,6.0,14,23,29.924217359606885
2025-02-22,25278.704178,880.16463397,24398.53954403,3175570.2,686,352,49.0,Neutral,-6.0,10,34,7.683199553903737
2025-02-23,10656.934251,230.00271917,10426.93153183,1141310.74,520,243,50.0,Neutral,1.0,12,30,9.135926935928072
2025-02-24,38470.176242,2097.96443324,36372.21180876,11223619.59,5616,2527,49.0,Neutral,-1.0,14,42,3.240684657663099
2025-02-25,204762.177034,3186.61506431,201575.56196969,19414984.36,6246,2141,25.0,Fear,-24.0,18,26,10.382473569486304
2025-02-26,63229.063129,754.17254667,62474.89058233,4946958.13,1176,850,21.0,Extreme Fear,-4.0,13,33,12.628950749241534
2025-02-27,-36525.167517,512.14597331,-37037.31349031,1999898.43,890,420,10.0,Extreme Fear,-11.0,9,20,-18.519597262901996
2025-02-28,225628.108748,878.39826396,224749.71048404,4123660.77,1019,409,16.0,Extreme Fear,6.0,13,30,54.50247317119638
2025-03-01,10596.108968,37.06354539,10559.045422610001,263824.13,174,84,20.0,Extreme Fear,4.0,5,14,40.02304649923417
2025-03-02,66914.320708,1931.69694201,64982.62376599,6460848.74,532,281,26.0,Fear,6.0,10,15,10.057908237918289
2025-03-03,616413.032233,1040.56404242,615372.46819058,8244590.38,1482,945,33.0,Fear,7.0,14,34,74.63954421354528
2025-03-04,182075.566585,2220.33648528,179855.23009972,11124247.15,2402,818,15.0,Extreme Fear,-18.0,16,18,16.16785636587731
2025-03-05,269328.365917,2321.32151085,267007.04440615,9193654.22,1660,1279,20.0,Extreme Fear,5.0,13,34,29.042537169311768
2025-03-06,16101.125561,1306.61716326,14794.508397739999,6765324.96,760,382,25.0,Fear,5.0,12,12,2.186814156779248
2025-03-07,150236.061627,4916.50104687,145319.56058013,19854275.48,2552,1431,34.0,Fear,9.0,14,22,7.319308162441695
2025-03-08,24700.773359,208.339773,24492.433586,892083.51,529,303,28.0,Fear,-6.0,13,16,27.455314789979695
2025-03-09,19773.457395,2377.0639268,17396.3934682,10419697.99,1422,627,27.0,Fear,-1.0,12,36,1.6695679169296154
2025-03-10,-10010.027269999999,3488.37247123,-13498.399741230003,16811790.68,2911,1334,20.0,Extreme Fear,-7.0,14,15,-0.8029126699327904
2025-03-11,-76880.729036,2441.08024204,-79321.80927804,14016952.09,3286,1197,24.0,Extreme Fear,4.0,16,18,-5.658991253500104
2025-03-12,288105.984215,3658.41357197,284447.57064303,18618139.15,3968,2333,34.0,Fear,10.0,13,10,15.277980702117054
2025-03-13,14114.870873,809.18670717,13305.68416583,3285591.22,962,490,45.0,Neutral,11.0,13,14,4.049707731392708
2025-03-14,68646.160089,1193.48707492,67452.67301408,8047187.16,2210,1922,27.0,Fear,-18.0,10,5,8.382142936772457
2025-03-15,78694.624572,574.332888,78120.291684,2355749.54,261,189,46.0,Neutral,19.0,8,11,33.161543855803956
2025-03-16,-7910.943544999999,2442.48300218,-10353.426547179999,10187921.51,530,220,30.0,Fear,-16.0,8,12,-1.0162452210706125
2025-03-17,26163.906513,807.74000798,25356.16650502,3592895.05,920,483,32.0,Fear,2.0,11,14,7.057307867932296
2025-03-18,72322.788824,857.936131,71464.852693,4050655.47,834,246,34.0,Fear,2.0,13,16,17.642787253145475
2025-03-19,29374.682341,784.4900710184,28590.1922699816,4598813.57,1612,775,32.0,Fear,-2.0,12,17,6.216862639635465
2025-03-20,10246.859436,329.235446,9917.62399,1652257.93,771,440,49.0,Neutral,17.0,13,20,6.002467175327765
2025-03-21,6951.270374,633.46068283,6317.80969117,2543903.39,698,349,31.0,Fear,-18.0,9,12,2.4835100719646435
2025-03-22,12498.535254,268.83480197,12229.70045203,971809.42,535,331,32.0,Fear,1.0,8,13,12.584463785121573
2025-03-23,14047.421585,597.21601403,13450.20557097,2593519.67,447,146,30.0,Fear,-2.0,10,22,5.186081959027518
2025-03-24,107878.961301,531.10535137,107347.85594963,3017587.05,1027,671,45.0,Neutral,15.0,13,34,35.57407099478042
2025-03-25,32030.90678,1401.35398577,30629.55279423,5372519.77,791,390,46.0,Neutral,1.0,13,30,5.701152179144052
2025-03-26,15802.167427,1796.80351609,14005.36391091,7597754.37,3102,1618,47.0,Neutral,1.0,17,18,1.8433557112889398
2025-03-27,58825.359221,714.0241193,58111.3351017,3240279.46,785,265,40.0,Fear,-7.0,11,17,17.934050386413276
2025-03-28,21337.179335,389.28339505,20947.895939949998,1483092.61,728,234,44.0,Fear,4.0,11,20,14.124469233212615
2025-03-29,12098.872931,839.84451462,11259.02841638,3668151.83,1894,940,26.0,Fear,-18.0,10,16,3.0694008694781862
2025-03-30,15795.11514,759.07175327,15036.04338673,2850874.96,568,106,32.0,Fear,6.0,9,18,5.274185503642713
2025-03-31,6978.184557,482.00163111,6496.182925889999,2164772.4699999997,495,292,34.0,Fear,2.0,12,15,3.000861760723518
2025-04-01,-2202.6622420000003,162.93599482,-2365.5982368200002,704445.1900000001,192,122,34.0,Fear,0.0,9,14,-3.358101198504883
2025-04-02,202212.740938,1181.2230379,201031.5179001,3867930.6,1076,964,44.0,Fear,10.0,11,15,51.97392060242756
2025-04-03,-2365.961276,1337.1188527,-3703.0801287000004,8670233.15,1748,634,25.0,Fear,-19.0,17,13,-0.4271027162285711
2025-04-04,-25515.678949999998,836.063409361,-26351.742359361,3835545.73,1272,689,28.0,Fear,3.0,14,18,-6.870402340206487
2025-04-05,35907.33771,282.060344,35625.277366,1267564.22,360,215,30.0,Fear,2.0,10,12,28.10530370287669
2025-04-06,47053.449272,618.4359126335,46435.0133593665,3551252.06,1048,346,34.0,Fear,4.0,14,17,13.075673755291394
2025-04-07,34527.370305,2766.5551014029,31760.8152035971,14460253.14,2814,1263,23.0,Extreme Fear,-11.0,18,19,2.1964217981592746
2025-04-08,34899.394798,2274.97769106,32624.41710694,8869391.4,943,461,24.0,Extreme Fear,1.0,17,19,3.6783151893533526
2025-04-09,43120.444797,6111.274358194,37009.170438806,28556806.47,3967,2224,18.0,Extreme Fear,-6.0,20,29,1.2959842158010746
2025-04-10,158261.822261,6868.556500782,151393.265760218,28741953.29,2127,1331,39.0,Fear,21.0,19,30,5.267326970880968
2025-04-11,126406.479081,2174.4390780901,124232.04000290991,11319327.07,1096,453,25.0,Fear,-14.0,16,15,10.975214271541489
2025-04-12,410419.694533,11517.596374457,398902.098158543,55914617.49,2109,721,43.0,Fear,18.0,20,22,7.134129071523815
2025-04-13,48696.021521,2568.3362202649,46127.6853007351,14171154.79,1321,566,45.0,Neutral,2.0,17,22,3.255040678356397
2025-04-14,45680.443063,2023.157718567,43657.285344432996,13079972.98,890,418,31.0,Fear,-14.0,14,17,3.3377198417143057
2025-04-15,72357.706282,1866.90475939,70490.80152261,20752168.24,1131,652,38.0,Fear,7.0,14,15,3.396792118653815
2025-04-16,58631.730257,5997.61790529,52634.11235171,36502715.9,1608,807,29.0,Fear,-9.0,17,15,1.4419231844529685
2025-04-17,5427.919886,519.20873692,4908.71114908,2604551.51,1031,369,30.0,Fear,1.0,12,14,1.8846665655232138
2025-04-18,4880.4047439999995,4667.32793177,213.07681222999963,24610650.46,1894,992,33.0,Fear,3.0,12,21,0.008657910630046778
2025-04-19,71950.577495,6480.62633269,65469.95116231,32706462.71,2786,1022,32.0,Fear,-1.0,15,13,2.001743561901378
2025-04-20,25060.341936,1887.3296081058,23173.0123278942,12126094.05,1982,962,37.0,Fear,5.0,12,31,1.9110038428156675
2025-04-21,34369.267906999994,6356.09106388,28013.17684312,42104054.84,1718,852,39.0,Fear,2.0,14,35,0.6653320434236827
2025-04-22,58652.763578,5749.685751,52903.077827,33753625.24,2998,1288,47.0,Neutral,8.0,15,27,1.5673302482575053
2025-04-23,-419020.225731,7342.08084188,-426362.30657288,30682443.79,6159,4139,72.0,Greed,25.0,19,44,-13.895969613471262
2025-04-24,50704.395965,7366.5003199353005,43337.8956450647,35088918.64,2232,1186,63.0,Greed,-9.0,15,32,1.2350878090515216
2025-04-25,20218.859206,6299.0932547382,13919.765951261801,27749455.78,1653,730,60.0,Greed,-3.0,16,35,0.50162302502863
2025-04-26,-4125.753942,2652.30675352,-6778.06069552,11948127.77,1131,552,65.0,Greed,5.0,12,27,-0.5672906103781982
2025-04-27,2702.067468,55.9267726562,2646.1406953438,487537.69,337,163,61.0,Greed,-4.0,9,16,5.427561293453641
2025-04-28,36906.813759,6007.2514035301,30899.5623554699,26124921.49,1379,722,54.0,Neutral,-7.0,8,14,1.1827619220711352
2025-04-29,125749.613427,5149.2952871531,120600.3181398469,34089511.66,2243,1034,60.0,Greed,6.0,7,17,3.5377543492756187
2025-04-30,14003.797269,2950.1837728755,11053.6134961245,12693878.85,1113,329,56.0,Greed,-4.0,8,15,0.8707829676603933
2025-05-01,54536.829297000004,2652.6136779658,51884.2156190342,10720240.52,1230,674,53.0,Neutral,-3.0,11,11,4.839836897524591
